{
  "total_processed": 192,
  "class_distribution": {
    "somdej-fatherguay": 192
  },
  "augmented_images": 160,
  "average_brightness": 77.11515580963133,
  "average_contrast": 67.57259706295643,
  "average_sharpness": 2938.2607719176317
}