{
  "train": {
    "accuracy": 0.39845758354755784,
    "balanced_accuracy": 0.3333333333333333,
    "f1_macro": 0.18995098039215685,
    "f1_weighted": 0.22706222591864508,
    "precision_phra_nang_phya": 0.0,
    "recall_phra_nang_phya": 0.0,
    "f1_phra_nang_phya": 0.0,
    "support_phra_nang_phya": 