{
  "train": {
    "accuracy": 0.4987146529562982,
    "balanced_accuracy": 0.3333333333333333,
    "f1_macro": 0.22184105202973128,
    "f1_weighted": 0.3319061498234026,
    "precision_phra_nang_phya": 0.0,
    "recall_phra_nang_phya": 0.0,
    "f1_phra_nang_phya": 0.0,
    "support_phra_nang_phya": 